date,open,high,low,close,volume
08/02/2013,76.15,76.48,75.56,75.75,9131327
11/02/2013,75.41,75.92,75.12,75.81,6928133
12/02/2013,75.96,76.31,75.81,75.98,6280895
13/02/2013,76.01,76.58,75.98,76.56,7113744
14/02/2013,76.3,76.97,76.25,76.78,10049220
15/02/2013,76.72,76.96,76.215,76.54,11167270
19/02/2013,76.56,77.765,76.49,77.38,11783779
20/02/2013,77.27,77.52,76.92,77.08,9276578
21/02/2013,76.28,77.2,75.9,77.04,10305115
22/02/2013,77.05,77.19,76.753,76.99,8433393
25/02/2013,77.06,77.67,75.92,75.92,9970631
26/02/2013,75.99,76.38,75.77,76.08,8378943
27/02/2013,75.95,76.95,75.7,76.75,7568886
28/02/2013,76.66,76.91,76.17,76.18,10472126
01/03/2013,75.7,76.72,75.56,76.49,9601420
04/03/2013,76.25,76.68,75.97,76.68,7632002
05/03/2013,76.78,77.395,76.72,77.05,9716968
06/03/2013,77.01,77.45,76.81,77.2,7196031
07/03/2013,77.22,77.49,76.78,76.9,7111315
08/03/2013,77.01,77.2,76.46,77.18,7257183
11/03/2013,77.02,77.39,76.9,77.35,6621712
12/03/2013,77.19,77.45,77,77.17,7016698
13/03/2013,77.07,77.1,76.52,76.8,6339460
14/03/2013,76.87,77.475,76.83,77.39,8083421
15/03/2013,77.08,77.38,76.34,76.34,15250593
18/03/2013,75.9,76.55,75.8,76.16,7081774
19/03/2013,76.14,77.18,76.11,77.11,9296208
20/03/2013,77.29,77.82,77.271,77.58,8615706
21/03/2013,77.42,77.67,77.14,77.21,6320651
22/03/2013,77.18,77.45,77.005,77.27,5868393
25/03/2013,77.27,77.62,76.44,76.68,6843553
26/03/2013,77.02,77.5,76.891,77.4,5387106
27/03/2013,76.98,77.105,76.57,77.06,5274497
28/03/2013,76.95,77.16,76.66,77.06,8017630
01/04/2013,76.85,77.85,76.73,77.7,7268049
02/04/2013,77.84,79.15,77.65,78.96,13374295
03/04/2013,78.88,79.08,77.84,78.12,8427549
04/04/2013,78.39,78.98,78.25,78.54,8770319
05/04/2013,77.88,78.395,77.83,78.23,6565480
08/04/2013,78.12,78.88,77.88,78.79,6284447
09/04/2013,78.82,78.89,78.07,78.26,6760554
10/04/2013,78.49,79.49,78.43,79.24,7947900
11/04/2013,79.37,80.13,79.33,79.67,11832445
12/04/2013,79.51,80.66,79.47,80.08,9383865
15/04/2013,79.79,80.84,79.6,79.65,10877312
16/04/2013,79.83,80.21,79.37,80.1,9366412
17/04/2013,79.98,80.14,78.85,79.06,10964702
18/04/2013,79.09,80.1799,79.06,79.87,10895844
19/04/2013,80.37,81.7,80.2,81.43,13147597
22/04/2013,81.31,81.59,81.12,81.4,7530605
23/04/2013,81.46,82.54,80.51,82.54,12683540
24/04/2013,79.49,79.61,76.93,77.12,25706666
25/04/2013,77.67,77.67,76.35,76.58,14703010
26/04/2013,76.72,77.22,76.58,77.1,8769151
29/04/2013,77.56,77.98,77.23,77.68,6622787
30/04/2013,77.86,77.89,76.6,76.77,9655684
01/05/2013,76.83,77.77,76.72,76.99,8388710
02/05/2013,77.39,78.28,77.14,77.76,7288002
03/05/2013,78.1,78.46,77.66,78.19,7884967
06/05/2013,78.03,78.4,77.52,77.75,7204194
07/05/2013,77.98,78.2,77.27,77.94,9574192
08/05/2013,77.9,78.51,77.23,78.44,12067285
09/05/2013,78.57,78.89,78.02,78.21,7189550
10/05/2013,78.41,78.79,78.23,78.76,6163414
13/05/2013,78.51,78.97,78.42,78.59,5420181
14/05/2013,78.93,79.47,78.74,79.47,6872758
15/05/2013,79.47,81,79.47,80.68,11153845
16/05/2013,80.49,80.735,79.89,80.2,8065580
17/05/2013,79.91,80.18,79.305,80.02,8550094
20/05/2013,79.98,79.98,78.78,79.09,7307256
21/05/2013,79.17,79.22,78.22,78.8,7377650
22/05/2013,78.84,79.68,78.62,78.82,8873152
23/05/2013,78.27,79.11,78.23,78.7,7109033
24/05/2013,81.88,82.35,81.44,81.88,25580639
28/05/2013,82.05,82.13,80.77,80.86,14373221
29/05/2013,80.16,80.25,78.87,78.9,9992413
30/05/2013,78.9,79.88,78.9,79.09,14761292
31/05/2013,78.79,78.81,76.7525,76.76,16463049
03/06/2013,76.87,77.7,76.12,77.66,11722443
04/06/2013,77.71,78.47,76.75,77.37,11379261
05/06/2013,77.08,77.215,76.63,76.66,8826570
06/06/2013,76.56,76.97,75.83,76.82,11100096
07/06/2013,77.44,78.28,77.27,77.75,7839474
10/06/2013,77.69,78.22,77.26,78.07,8967455
11/06/2013,77.68,78.75,77.45,78.12,6781138
12/06/2013,78.64,78.89,77.48,77.6,7834172
13/06/2013,77.54,78.69,77.14,78.43,6928935
14/06/2013,78.49,78.79,77.67,78.03,6825874
17/06/2013,78.26,79.47,78.25,78.96,7363260
18/06/2013,78.95,79.23,78.7,79.04,6052040
19/06/2013,79.05,79.47,77.59,77.61,7424500
20/06/2013,77.21,77.33,75.1,75.25,15557692
21/06/2013,76.25,77.53,75.69,77.43,20058300
24/06/2013,76.95,77.43,75.63,76.58,12563745
25/06/2013,77.1,77.24,76.29,76.69,7911690
26/06/2013,77.23,77.59,77.02,77.4,7329439
27/06/2013,77.96,78.38,77.57,77.67,14731884
28/06/2013,77.62,77.94,76.9,76.99,9868254
01/07/2013,77.02,78.45,77,78.02,6699595
02/07/2013,77.95,78.61,77.71,78.44,10228897
03/07/2013,78.29,78.75,77.4301,78.57,5347846
05/07/2013,78.89,79.02,77.78,78.34,7265770
08/07/2013,78.54,79.0799,78.5,78.76,11153691
09/07/2013,79.07,79.9,79.07,79.57,11458302
10/07/2013,79.65,80.1,79.3,79.8,6906045
11/07/2013,80.55,80.99,80.29,80.77,9185540
12/07/2013,80.67,81.64,80.67,81.55,12587839
15/07/2013,81.37,81.59,80.845,81.51,10025177
16/07/2013,81.32,81.37,80.91,80.97,11208513
17/07/2013,80.49,80.85,80.01,80.09,7645591
18/07/2013,80.03,80.75,80.03,80.3,5525915
19/07/2013,80.36,81.41,80.05,81.37,7863205
22/07/2013,81.23,81.45,80.9,81.22,4813662
23/07/2013,81.22,81.401,80.78,80.95,4311045
24/07/2013,80.95,81,80.13,80.27,5607942
25/07/2013,80.01,80.57,79.84,80.41,6239836
26/07/2013,80.02,80.42,79.39,80.39,6543856
29/07/2013,80.1,80.45,80.05,80.09,4389416
30/07/2013,80.49,80.9,80.155,80.44,6434115
31/07/2013,80.44,81.41,80.16,80.3,11862951
01/08/2013,81.62,82.23,81.21,81.64,10724590
02/08/2013,81.42,81.5,80.5615,81.29,6596564
05/08/2013,81.05,81.65,80.96,81.4,4662795
06/08/2013,81.3,81.97,81.3,81.74,6212547
07/08/2013,81.41,82.21,81.38,81.96,5828509
08/08/2013,82.11,82.4,81.51,82.17,6208233
09/08/2013,81.92,82.06,81.19,81.64,6127210
12/08/2013,81.23,81.73,81.04,81.62,4922205
13/08/2013,81.78,81.99,81.33,81.66,4936360
14/08/2013,81.67,81.78,81.19,81.25,5170522
15/08/2013,80.96,81.08,80.165,80.48,7415297
16/08/2013,80.27,80.485,79.06,79.9,9451584
19/08/2013,79.64,80.09,79.42,79.59,5948362
20/08/2013,79.72,80.1,79.28,79.53,5172491
21/08/2013,79.5,80.12,79.0453,79.38,7390855
22/08/2013,79.3,80.05,78.87,79.77,6274357
23/08/2013,79.87,80.07,79.59,80.01,5228946
26/08/2013,79.92,79.98,78.53,78.54,6384214
27/08/2013,77.87,78.36,77.33,77.97,7052354
28/08/2013,77.86,77.86,76.85,76.85,9008484
29/08/2013,76.76,77.84,76.42,77.31,5961184
30/08/2013,77.53,78.07,73.61,77.89,9039485
03/09/2013,78.27,78.42,77.44,77.75,6743818
04/09/2013,77.52,77.75,77.12,77.49,6031264
05/09/2013,77.58,77.63,76.831,77.14,7173200
06/09/2013,77.12,77.61,76.4,77.15,6977354
09/09/2013,77.37,78.2,77.37,78.16,6089257
10/09/2013,78.5,78.64,77.7825,77.95,6650203
11/09/2013,77.26,78.27,77.25,78.27,7049758
12/09/2013,78.4,78.8,78.17,78.26,6944863
13/09/2013,78.44,79.18,78.41,79.05,4894112
16/09/2013,79.72,80.21,79.71,80.16,7557605
17/09/2013,79.96,80.25,79.64,79.83,5458695
18/09/2013,79.06,80.48,78.53,80.295,10372103
19/09/2013,80.5,80.53,79.785,80.12,8161568
20/09/2013,80.09,80.18,79.39,79.39,11156529
23/09/2013,79.2,79.58,78.67,79.28,6305070
24/09/2013,78.965,79.48,78.59,78.62,7525464
25/09/2013,78.84,79,77.71,77.72,7589283
26/09/2013,77.91,78.14,77.62,78.05,4633310
27/09/2013,77.75,77.75,76.77,77.21,6551336
30/09/2013,76.8,77.16,75.35,75.59,15028271
01/10/2013,75.52,76.5,75.44,76.16,8080992
02/10/2013,75.91,76.14,75.42,75.93,8522945
03/10/2013,75.89,76.14,75.2,75.84,9251589
04/10/2013,75.98,76.12,75.5145,76.02,4984717
07/10/2013,75.66,76.1,75.48,75.65,6373266
08/10/2013,76.39,76.995,76.05,76.33,9702490
09/10/2013,76.58,77.16,76.1,76.95,8470729
10/10/2013,77.41,77.92,77.15,77.89,10122110
11/10/2013,78,78.49,77.805,78.48,6082105
14/10/2013,78.01,78.795,77.93,78.74,6326138
15/10/2013,78.38,78.61,77.44,77.6,11192629
16/10/2013,77.35,78.49,77.26,78.34,6538524
17/10/2013,78.19,79.47,77.98,79.42,8671299
18/10/2013,79.39,79.57,78.78,79.41,7940526
21/10/2013,79.27,79.319,78.44,78.97,6460462
22/10/2013,79.31,80.615,79.275,80.38,9559403
23/10/2013,80.34,81.245,80.25,80.91,8960693
24/10/2013,80.77,80.95,80.25,80.61,7412349
25/10/2013,80.55,80.72,79.51,80,9606554
28/10/2013,80.11,81.86,79.95,81.3,9792814
29/10/2013,81.46,82.62,81.1,82.46,9486184
30/10/2013,82.53,82.56,81.23,81.52,6490020
31/10/2013,81.2,81.6,80.72,80.75,7786770
01/11/2013,80.68,81.335,80.64,81.15,6802298
04/11/2013,81.46,81.73,80.91,81.33,5460057
05/11/2013,81.13,81.74,80.85,81.43,4955703
06/11/2013,81.64,83.1,81.33,82.81,9518391
07/11/2013,82.91,83.1,82.11,82.32,10087888
08/11/2013,82.28,82.57,81.67,82.51,9768364
11/11/2013,82.35,82.68,82.02,82.26,6173611
12/11/2013,82.23,83.04,82.12,82.8,8201719
13/11/2013,82.57,83.5,82.46,83.5,7582073
14/11/2013,83.43,84.46,83.425,84.32,7580546
15/11/2013,84.17,84.92,84.16,84.84,9671264
18/11/2013,84.79,84.94,84.18,84.57,8507338
19/11/2013,84.31,84.59,84.21,84.34,7924211
20/11/2013,84.31,84.98,84.24,84.69,7680871
21/11/2013,84.84,84.89,84.51,84.67,7289111
22/11/2013,84.53,85,84.23,84.95,7436283
25/11/2013,84.96,85.82,84.85,85.41,9670468
26/11/2013,85.2,85.76,84.64,84.64,7111828
27/11/2013,84.88,84.89,84.02,84.28,4905048
29/11/2013,84.77,85.21,84.15,84.22,4954483
02/12/2013,84.04,84.15,83.1,83.34,7497468
03/12/2013,83.3,84,83.23,83.83,7533242
04/12/2013,83.38,83.49,82.59,83.35,6807176
05/12/2013,83.39,83.45,82.3,82.69,8186604
06/12/2013,83.23,84.53,83.17,84.52,7195873
09/12/2013,84.48,84.94,84.34,84.78,7395478
10/12/2013,84.41,84.43,83.43,83.65,7377576
11/12/2013,83.74,84.5,83.61,84.02,9787857
12/12/2013,83.82,83.87,81.93,82.3,10176250
13/12/2013,82.32,82.46,81.56,82.37,7441760
16/12/2013,82.72,83.07,81.6,81.69,8849683
17/12/2013,81.79,81.85,80.695,80.91,11416357
18/12/2013,81.21,82.42,80.48,82.38,12037277
19/12/2013,81.98,82.29,81.51,81.9,6442665
20/12/2013,81.98,82.54,81.82,81.84,13209405
23/12/2013,82.14,82.14,81.0099,81.31,8655988
24/12/2013,81.33,81.61,81.25,81.31,2899142
26/12/2013,81.49,81.89,81.29,81.76,5347162
27/12/2013,82.09,82.48,81.86,82.01,4006049
30/12/2013,82,82.05,81.57,82,4145666
31/12/2013,81.83,82,81.09,81.41,5766693
02/01/2014,81.33,81.36,80.32,80.54,6985476
03/01/2014,80.76,80.85,80.185,80.45,6925922
06/01/2014,80.61,80.98,80.3,80.64,7209873
07/01/2014,80.71,81.58,80.62,81.42,7158171
08/01/2014,80.97,81.15,80.05,80.24,13462911
09/01/2014,80.54,80.8,80.03,80.42,10839420
10/01/2014,80.59,80.89,80.2,80.3,8452355
13/01/2014,80.01,80.5,79.69,80.01,9366118
14/01/2014,80.06,80.92,80.02,80.87,8737186
15/01/2014,80.7,81.175,80.25,80.79,8223578
16/01/2014,80.65,80.83,80.26,80.56,11673888
17/01/2014,80.42,80.64,79.8,79.88,13633468
21/01/2014,80.59,80.72,79.54,80.18,13216873
22/01/2014,79.57,79.88,79.05,79.23,8455602
23/01/2014,78.71,78.97,78.12,78.24,12674650
24/01/2014,79.33,81.7,79.05,79.18,20190733
27/01/2014,79.24,79.295,78.42,78.47,10396538
28/01/2014,78.67,79.52,78.43,79.11,10061868
29/01/2014,78.8,78.8,77.38,77.64,13443126
30/01/2014,78.05,78.05,76.77,76.87,9462515
31/01/2014,76.03,77.191,75.26,76.62,12996679
03/02/2014,76.69,76.76,75.6,75.7,14304728
04/02/2014,76,76.39,75.4,76.09,15598441
05/02/2014,75.94,76.8,75.67,76.45,9734258
06/02/2014,76.53,76.99,76.48,76.9,7821991
07/02/2014,76.99,77.39,76.75,77.31,7301419
10/02/2014,77.43,78.09,77.19,78.03,8964308
11/02/2014,78.1,79.11,77.644,78.84,10516106
12/02/2014,78.13,78.53,77.06,77.49,11035220
13/02/2014,77.09,77.92,77,77.8,7422665
14/02/2014,77.69,79.75,77.25,79.4,10819496
18/02/2014,79.48,79.63,77.56,77.97,15763668
19/02/2014,77.64,78.958,77.55,78.14,8740119
20/02/2014,77.96,78.44,77.5,77.92,8275272
21/02/2014,78.05,78.89,77.91,77.97,8095885
24/02/2014,78.03,78.7699,77.61,77.86,7838896
25/02/2014,77.73,78.31,77.4,78.12,8182444
26/02/2014,78.23,78.77,77.82,77.86,7772528
27/02/2014,77.77,78.23,77.555,78.19,6549833
28/02/2014,78.24,78.91,78.0055,78.66,8489944
03/03/2014,78.26,78.4084,77.35,77.48,8598611
04/03/2014,78.09,78.72,77.895,78.45,8306976
05/03/2014,78.32,78.41,77.55,77.82,8542659
06/03/2014,78.04,78.445,77.84,78.06,6475573
07/03/2014,78.41,78.595,78.11,78.38,5865449
10/03/2014,78.29,78.57,78.2,78.53,5233421
11/03/2014,78.59,79.39,78.57,78.95,6599692
12/03/2014,78.66,79.45,78.62,79.24,7470100
13/03/2014,79.32,79.76,79.19,79.19,9676644
14/03/2014,79.1,79.23,78.67,78.98,14850696
17/03/2014,79.02,79.95,79.02,79.84,8452219
18/03/2014,79.84,80.08,79.5099,79.77,7703150
19/03/2014,79.68,79.91,78.51,78.78,8607176
20/03/2014,78.7,78.93,78.1549,78.32,8659509
21/03/2014,79.04,79.75,77.88,77.88,21250203
24/03/2014,78.495,79.83,78.47,79.3,11221570
25/03/2014,79.52,79.99,79.44,79.81,8892450
26/03/2014,80.03,80.18,79.33,79.5,8270011
27/03/2014,79.55,80.43,79.38,79.65,8134097
28/03/2014,79.94,80.32,79.52,79.76,6413509
31/03/2014,80,80.83,79.55,80.6,8493091
01/04/2014,80.6,80.84,80.21,80.34,8222389
02/04/2014,80.19,80.33,79.8,80.13,6741554
03/04/2014,80.28,80.58,79.93,80.1,5647193
04/04/2014,80.47,80.5561,79.75,79.77,8649667
07/04/2014,80.02,81.07,79.93,80.49,13228988
08/04/2014,80.51,81.38,80.02,81.35,11886367
09/04/2014,81.8,82.24,81.32,81.49,11555284
10/04/2014,81.58,82.13,80.89,81.09,12202694
11/04/2014,80.98,81.66,80.5,80.76,11831591
14/04/2014,81,81.2,80.51,80.81,7105587
15/04/2014,80.79,81.09,80.52,80.84,9007674
16/04/2014,81.28,81.88,81.03,81.65,8301006
17/04/2014,81.47,81.89,81.34,81.76,8374713
21/04/2014,81.81,81.81,81.29,81.56,6395150
22/04/2014,81.54,81.67,81.15,81.25,9260267
23/04/2014,80.72,80.72,79.38,80.36,9580599
24/04/2014,80.26,81.38,80.01,81.15,9528562
25/04/2014,81.2,81.58,80.97,81.41,7497404
28/04/2014,81.54,82.98,81.51,82.94,11595127
29/04/2014,82.75,82.95,82.36,82.44,7214281
30/04/2014,82.39,82.75,82.2375,82.55,6253243
01/05/2014,82.39,82.47,81.76,82.34,5312492
02/05/2014,82.22,82.6,81.75,81.92,6629371
05/05/2014,81.64,81.884,81.47,81.7,4563610
06/05/2014,81.76,81.76,81.12,81.13,4591267
07/05/2014,81.45,82.14,81.42,82.09,6639614
08/05/2014,82.06,82.32,81.82,82.16,4631207
09/05/2014,82.2,82.8,82.14,82.39,7303502
12/05/2014,82.61,82.71,81.71,81.73,7859053
13/05/2014,81.94,81.98,81.42,81.61,6540218
14/05/2014,81.74,81.91,81.12,81.17,6872657
15/05/2014,81.25,81.37,80.44,80.53,9402103
16/05/2014,80.63,80.76,80,80.33,11559255
19/05/2014,80.01,80.05,79.54,79.93,6073538
20/05/2014,80.02,80.58,79.97,80.23,7057232
21/05/2014,80.34,80.67,80.02,80.49,6339794
22/05/2014,80.37,80.67,80.05,80.65,5561257
23/05/2014,80.51,80.85,80.4,80.52,4472635
27/05/2014,80.55,80.58,80.05,80.08,7004714
28/05/2014,80.03,80.28,80.02,80.1,4201377
29/05/2014,80.1,80.4,80.08,80.4,3886779
30/05/2014,80.25,80.85,80.17,80.79,7432199
02/06/2014,80.66,80.67,80.29,80.36,4331701
03/06/2014,80.04,80.3,79.6,79.93,6970914
04/06/2014,80,80.22,79.6401,79.86,5427687
05/06/2014,80.11,80.31,79.97,80.11,5788203
06/06/2014,80.09,80.2375,79.82,80.03,5521710
09/06/2014,79.91,80.24,79.85,80.09,6352506
10/06/2014,80.03,80.3,80,80.15,5658366
11/06/2014,80.05,80.3,79.88,80.06,7453733
12/06/2014,79.82,80.03,79.69,79.76,6526949
13/06/2014,79.73,79.94,79.5,79.64,5214278
16/06/2014,79.52,79.94,79.11,79.69,5334617
17/06/2014,79.61,79.79,79.35,79.58,5337668
18/06/2014,79.44,79.94,79.13,79.79,9618007
19/06/2014,79.85,80.57,79.8,80.24,12493024
20/06/2014,80.44,80.5,79.825,79.93,11664486
23/06/2014,80.06,80.06,79.36,79.52,6947701
24/06/2014,79.42,79.44,78.915,79.01,8157305
25/06/2014,79.04,79.355,78.65,79.32,12569262
26/06/2014,79.24,79.29,78.59,78.62,7262067
27/06/2014,78.6,79.19,78.52,79.02,8975304
30/06/2014,79.01,79.46,78.43,78.59,10303230
01/07/2014,78.87,79.41,78.505,79.28,8426276
02/07/2014,79.56,79.86,79.44,79.56,6282586
03/07/2014,79.93,80.14,79.635,79.98,5501056
07/07/2014,79.75,80.2,79.66,80.19,6674885
08/07/2014,80.03,80.85,79.91,80.56,9150185
09/07/2014,80.66,81.8,80.5,81.67,12120399
10/07/2014,81.27,81.91,81.19,81.61,8786489
11/07/2014,81.06,81.5698,81,81.16,7519293
14/07/2014,81.36,81.735,81.3,81.32,6806097
15/07/2014,81.51,81.515,81.09,81.26,9638650
16/07/2014,80.9,81.2,80.75,80.94,8946279
17/07/2014,80.55,80.75,80.16,80.55,6502396
18/07/2014,80.55,80.75,80.16,80.55,6507017
21/07/2014,80.33,80.3999,79.95,80.28,4439218
22/07/2014,80.29,80.58,79.77,80.1,6073192
23/07/2014,80.33,80.5,79.815,79.99,5891317
24/07/2014,80.12,80.32,79.85,80.26,6273126
25/07/2014,80.02,80.16,79.37,79.56,6293364
28/07/2014,79.41,79.62,78.85,79.26,6757259
29/07/2014,79.09,79.5,78.65,78.65,6425591
30/07/2014,78.7,79.01,78.14,78.16,8296537
31/07/2014,77.76,78.01,77.29,77.32,11239379
01/08/2014,79.25,80.67,78.83,79.65,18110864
04/08/2014,79.46,79.46,78.66,79.22,12075293
05/08/2014,78.99,79.74,78.98,79.41,7995884
06/08/2014,79.4,81.3,79.27,81.09,12839049
07/08/2014,81.02,81.18,80.01,80.14,7912807
08/08/2014,80.05,81.03,80.04,80.95,6215609
11/08/2014,81.23,81.87,81.03,81.48,8188008
12/08/2014,81.5,81.86,81.21,81.42,6591201
13/08/2014,81.64,81.795,81.11,81.48,5472167
14/08/2014,81.59,82.04,81.435,81.95,5930709
15/08/2014,82.23,82.23,81.18,81.78,7422986
18/08/2014,81.99,82.85,81.81,82.44,8450531
19/08/2014,82.35,82.87,82.12,82.69,6873612
20/08/2014,82.46,82.94,82.46,82.81,4581835
21/08/2014,82.8,83.47,82.69,83.28,7106490
22/08/2014,83.16,83.66,83.14,83.39,6978890
25/08/2014,83.74,83.82,83.31,83.54,5586758
26/08/2014,83.61,83.83,83.33,83.38,5188357
27/08/2014,83.43,83.6,83.1601,83.31,4248518
28/08/2014,83.02,83.22,82.76,83.03,4283148
29/08/2014,83.09,83.13,82.6,83.11,4901408
02/09/2014,83.21,83.49,82.71,82.98,5528875
03/09/2014,83.26,83.48,82.77,82.9,5851788
04/09/2014,82.92,83.749,82.78,83.7,7444413
05/09/2014,83.44,83.8,83.065,83.77,5889038
08/09/2014,83.57,83.6,83.13,83.32,4899613
09/09/2014,83.05,83.29,82.83,82.99,5206752
10/09/2014,83.2,83.96,83.15,83.64,6722192
11/09/2014,83.61,83.75,83.37,83.49,6345118
12/09/2014,83.21,83.38,82.86,83.26,6367223
15/09/2014,83.18,84.25,83.14,83.87,7008544
16/09/2014,83.58,84.45,83.56,84.08,7146245
17/09/2014,84.02,84.5,83.93,84.16,8277298
18/09/2014,84.18,84.44,84.073,84.19,5309232
19/09/2014,84.52,84.77,84.18,84.47,11380809
22/09/2014,84.64,84.95,84.49,84.81,8397142
23/09/2014,84.65,84.92,84.44,84.44,7723459
24/09/2014,84.33,85.4,84.33,85.24,11694662
25/09/2014,85.02,85.13,84.33,84.33,8212325
26/09/2014,84.54,84.74,83.86,84.58,5482722
29/09/2014,84.11,84.47,83.66,84.44,6362241
30/09/2014,84.34,84.36,83.68,83.74,8080639
01/10/2014,84.02,84.04,83.03,83.14,9029128
02/10/2014,83.1,83.97,82.95,83.05,8858502
03/10/2014,83.44,83.945,82.88,83.79,6702043
06/10/2014,83.57,83.94,83.19,83.57,5656495
07/10/2014,83.38,83.92,83.12,83.16,7386318
08/10/2014,83.34,84.28,83.21,84.18,8110994
09/10/2014,84.21,84.88,83.53,83.66,7765706
10/10/2014,83.95,85.28,83.91,84.69,13733453
13/10/2014,84.31,84.47,83.31,83.37,10073580
14/10/2014,83.91,83.91,83.03,83.55,8210923
15/10/2014,82.59,83.58,81.76,82.95,13288831
16/10/2014,81.65,82.8,81.57,82.24,11310285
17/10/2014,82.95,83.48,82.03,83.27,11786627
20/10/2014,83.25,84.33,82.83,84.18,8558072
21/10/2014,84.47,84.64,83.66,84.61,12389590
22/10/2014,84.06,84.59,83.92,84.23,9755005
23/10/2014,84.26,84.33,82.3,83.23,14292357
24/10/2014,85.1,85.97,84.91,85.16,13465590
27/10/2014,84.96,86.48,84.83,85.95,10316563
28/10/2014,86.2,86.65,86.17,86.47,9444204
29/10/2014,86.67,86.67,85.91,86.54,6881448
30/10/2014,86.16,87,85.67,86.94,5560308
31/10/2014,87.08,87.36,86.71,87.27,9359840
03/11/2014,86.66,87.39,86.2,87.38,7782249
04/11/2014,87.49,88.87,87.44,88.64,10594790
05/11/2014,88.74,89.49,88.36,89,8462015
06/11/2014,89.08,89.2,88.57,88.9,6628881
07/11/2014,88.74,89.2,88.25,89.13,5975737
10/11/2014,88.92,89.5,88.26,89.45,5927052
11/11/2014,89.38,89.79,89.17,89.67,6346785
12/11/2014,89.6,89.88,89.42,89.48,6298672
13/11/2014,88.94,89.84,88.46,88.6,10191559
14/11/2014,88.7,88.89,87.93,88.11,7559371
17/11/2014,88,88.18,87.37,87.84,9475799
18/11/2014,88.02,88.18,87.49,87.95,6419641
19/11/2014,88.24,88.87,87.93,88.73,6570396
20/11/2014,88.33,88.8,88.33,88.47,5527565
21/11/2014,89.26,89.43,88.46,88.6,8984113
24/11/2014,88.88,88.89,87.86,88.11,5569245
25/11/2014,88.36,88.82,88.08,88.8,6439699
26/11/2014,88.83,88.88,88.45,88.88,4419983
28/11/2014,89.09,90.56,88.97,90.43,7661778
01/12/2014,90.17,90.67,89.52,90.08,6745137
02/12/2014,90.44,91.17,90.12,91.07,7432863
03/12/2014,90.84,90.97,89.64,90,6465627
04/12/2014,90.5,90.94,90.1,90.58,6410706
05/12/2014,90.32,90.42,89.21,90.38,6383401
08/12/2014,90.34,91,90.32,90.76,4723879
09/12/2014,90.47,90.78,89.87,90.71,5703953
10/12/2014,90.95,91.1,89.96,90,6293332
11/12/2014,90,91.28,89.98,90.41,6468676
12/12/2014,90.01,90.97,89.53,89.55,6574629
15/12/2014,89.7,90.6,89.03,89.2,6511895
16/12/2014,89.14,90.96,88.38,89.36,8776495
17/12/2014,89.56,91.16,89.4,90.7,7415365
18/12/2014,91.01,92,90.55,92,8724454
19/12/2014,92.15,92.73,91.76,92.05,14037813
22/12/2014,92.1,92.73,92,92.6,7157130
23/12/2014,92.74,93.48,92.7,93.29,5610590
24/12/2014,93.5,93.89,93.14,93.14,2408140
26/12/2014,93.15,93.806,93.06,93.46,3148746
29/12/2014,93.12,93.43,92.5,92.64,4657706
30/12/2014,92.25,92.82,92.1,92.4,4730012
31/12/2014,92.04,92.55,91.03,91.09,5712139
02/01/2015,90.84,91,89.92,90.44,7255494
05/01/2015,90.23,91,89.85,90.01,8626143
06/01/2015,90.31,90.56,89.26,89.6,7791195
07/01/2015,89.94,90.37,89.5626,90.07,5986899
08/01/2015,90.48,91.225,90.13,91.1,6831617
09/01/2015,91.18,91.18,90.12,90.25,4873097
12/01/2015,90.475,90.62,89.505,89.92,5250893
13/01/2015,90.78,91.5,89.77,90.3,6730752
14/01/2015,89.73,90.16,89.4312,89.99,6418158
15/01/2015,90.49,90.5,89.34,89.86,6768180
16/01/2015,89.95,91.34,89.87,91.25,8815713
20/01/2015,91.25,91.79,90.5,91.19,9874638
21/01/2015,90.4,91.19,89.63,90.73,6974533
22/01/2015,91.04,91.69,89.87,91.62,7211231
23/01/2015,91.17,91.19,89.95,90.08,6745741
26/01/2015,89.95,89.95,88.74,89.58,9371693
27/01/2015,87.1,87.21,86.02,86.49,14417363
28/01/2015,86.63,86.91,85.01,85.15,14033420
29/01/2015,85.78,86.11,85.15,85.67,12054601
30/01/2015,85.09,85.2245,84.25,84.29,14685250
02/02/2015,84.58,85.14,83.68,85.12,10278739
03/02/2015,85.95,86,85.12,85.95,10747897
04/02/2015,85.89,86.48,85.55,85.79,9212785
05/02/2015,86.24,86.78,86.1,86.7,6531298
06/02/2015,86.56,86.61,85.15,85.61,8429773
09/02/2015,85.31,85.43,84.59,85.05,8811512
10/02/2015,85.33,85.57,84.82,85.39,7059632
11/02/2015,85.95,86.2,85.1449,85.64,7184577
12/02/2015,86.06,86.146,85.41,86.03,6074566
13/02/2015,86.03,86.15,85.5,85.9,6272049
17/02/2015,86.06,86.06,85,85.49,10310422
18/02/2015,85.76,86.39,85.52,86.26,8132286
19/02/2015,86.11,86.3,85.05,85.21,7271618
20/02/2015,84.95,85.05,84.19,84.87,9581338
23/02/2015,84.96,85.5,84.65,85.39,7919155
24/02/2015,85.51,85.74,85.01,85.5,6502170
25/02/2015,85.7,85.795,85.2399,85.46,5975834
26/02/2015,85.42,85.76,84.89,85.17,7964477
27/02/2015,85.02,85.38,84.57,85.13,7685024
02/03/2015,85.02,85.41,84.84,85.41,7235172
03/03/2015,85.35,85.44,84.54,85.16,6095591
04/03/2015,85.04,85.24,84.21,84.35,7369986
05/03/2015,84.62,84.76,84.09,84.63,5914196
06/03/2015,84.34,84.37,82.37,82.66,11338662
09/03/2015,82.79,83.21,82.68,83.09,7326705
10/03/2015,82.47,82.88,81.54,81.54,9681416
11/03/2015,81.53,81.78,80.811,81.39,10066594
12/03/2015,81.59,82.115,81.51,82.09,6951122
13/03/2015,81.98,82.28,81.15,81.83,7492548
16/03/2015,82.08,83.95,81.99,83.56,15618256
17/03/2015,83.36,83.37,82.43,82.85,7509338
18/03/2015,82.86,84.05,82.02,83.75,12607899
19/03/2015,83.46,83.75,83.12,83.38,9257503
20/03/2015,83.99,84.79,83.77,84.74,22580280
23/03/2015,84.37,85.05,84.36,84.86,9891106
24/03/2015,84.89,85.11,83.87,83.92,7478791
25/03/2015,84.37,84.37,82.86,83.01,8482161
26/03/2015,82.58,82.61,81.95,82.15,7311649
27/03/2015,82.08,82.54,81.9901,82.31,6441403
30/03/2015,82.63,82.95,82.15,82.72,6416848
31/03/2015,82.76,82.93,81.94,81.94,8649658
01/04/2015,82.44,82.45,81.4503,82.32,7395287
02/04/2015,82.17,82.59,81.915,82.43,6169838
06/04/2015,81.92,83.225,81.51,83.04,6856344
07/04/2015,82.93,83.29,82.33,82.39,6330163
08/04/2015,82.3,83.18,82.27,82.77,6523404
09/04/2015,82.63,82.95,82.01,82.89,6184986
10/04/2015,82.8,83.63,82.715,83.35,7001674
13/04/2015,83,83.95,82.94,83.43,8290458
14/04/2015,83.39,83.88,83.05,83.6,6792597
15/04/2015,83.85,84.2,83.48,83.51,7006392
16/04/2015,83.56,84.07,83.35,83.5,7615906
17/04/2015,83,83.22,82.03,82.53,9533805
20/04/2015,83.09,83.98,82.8,82.87,7415988
21/04/2015,83.39,83.8,82.9,83.08,7696424
22/04/2015,83.22,83.34,82.6,83.09,6753101
23/04/2015,81.415,82.1,80.9,80.95,14569488
24/04/2015,81.04,81.53,80.9,81,8785471
27/04/2015,80.91,81.2,80.47,80.6,9192250
28/04/2015,80.73,80.82,80.19,80.42,8395450
29/04/2015,80,80.31,79.72,79.85,11858459
30/04/2015,79.95,80.15,79.07,79.51,9409334
01/05/2015,79.76,80.32,79.63,80.29,8192966
04/05/2015,80.48,80.9651,80.295,80.35,7203759
05/05/2015,80.5,80.65,79.78,80.07,6589434
06/05/2015,80.34,80.58,79.52,80.4,7335742
07/05/2015,80.37,80.55,80,80.2,7224338
08/05/2015,80.89,81.21,80.82,80.96,6929376
11/05/2015,80.95,80.99,80.26,80.27,5237754
12/05/2015,80.03,80.29,79.36,79.95,6305837
13/05/2015,80.16,80.59,79.55,79.7,6459854
14/05/2015,80.11,80.69,80.09,80.57,5634158
15/05/2015,80.83,81.12,80.73,81.05,7454848
18/05/2015,80.97,81.13,80.5,80.74,5590781
19/05/2015,80.75,80.95,80.33,80.83,5729453
20/05/2015,80.93,81,80.45,80.48,5486969
21/05/2015,80.17,80.58,79.84,80.41,6055727
22/05/2015,80.24,80.4,79.92,79.95,6003623
26/05/2015,79.97,80.0651,78.94,79.14,6698256
27/05/2015,79.22,79.94,79.09,79.39,8094560
28/05/2015,79.43,79.45,79.02,79.33,5803445
29/05/2015,79.18,79.24,78.19,78.39,12551704
01/06/2015,78.65,79.07,78.27,78.85,7588036
02/06/2015,78.46,78.72,78.17,78.54,7380764
03/06/2015,78.91,78.93,78.27,78.56,5985813
04/06/2015,78.41,78.84,78.06,78.15,7714574
05/06/2015,78.04,78.12,77.37,77.43,9439700
08/06/2015,77.48,77.9834,77.1,77.71,10916201
09/06/2015,77.97,79.33,77.82,78.9,11528875
10/06/2015,79.23,79.79,79.01,79.54,9483534
11/06/2015,79.93,79.93,79.24,79.41,7633332
12/06/2015,79.17,79.32,78.57,78.87,6508632
15/06/2015,78.33,78.455,77.93,78.12,7527947
16/06/2015,79.6,79.6,78.535,79.1,8285671
17/06/2015,79.2,80.19,79.16,80.08,9305776
18/06/2015,80.33,81.22,80.3,80.82,10712462
19/06/2015,80.71,81.2,80.48,80.54,15598811
22/06/2015,80.92,81.18,80.33,80.45,6907940
23/06/2015,80.33,80.45,79.62,79.79,7190628
24/06/2015,79.8,79.85,79.5,79.51,8843732
25/06/2015,79.71,79.9,79.39,79.39,5855728
26/06/2015,79.54,79.74,79.28,79.34,7703191
29/06/2015,78.95,79.37,78.26,78.32,7966240
30/06/2015,78.92,79.01,78.13,78.24,8451427
01/07/2015,78.39,79.765,78.12,79.72,8868020
02/07/2015,80.01,80.35,79.77,79.93,6602521
06/07/2015,79.61,80.22,79.5,80.05,6601218
07/07/2015,80.06,81.83,80.06,81.72,11690399
08/07/2015,81.21,81.69,80.89,80.99,6724685
09/07/2015,81.75,82,80.52,80.66,10419811
10/07/2015,81.23,81.3599,80.76,80.95,6892498
13/07/2015,81.52,82.04,81.34,81.91,7332927
14/07/2015,82.04,82.46,81.98,82.04,6119504
15/07/2015,81.91,82.32,81.84,82.15,6673662
16/07/2015,82.45,82.55,82.1,82.3,6623418
17/07/2015,81.89,82.38,81.6,82.24,5827266
20/07/2015,82.09,82.35,82,82.19,5012932
21/07/2015,82.01,82.13,81.37,81.63,7512386
22/07/2015,81.03,81.3,80.67,80.83,6106378
23/07/2015,80.83,80.89,80.14,80.7,5380856
24/07/2015,80.51,80.73,80.23,80.29,5660786
27/07/2015,79.83,80.07,79.425,79.97,8613558
28/07/2015,80.14,80.66,79.91,80.23,8649935
29/07/2015,80.26,80.99,80.16,80.62,8921525
30/07/2015,79.4,79.48,77.15,77.39,22067809
31/07/2015,77.63,77.74,76.66,76.7,11877236
03/08/2015,76.51,77.09,76.01,76.4,9511261
04/08/2015,76.03,76.34,75.75,75.91,13369071
05/08/2015,76.05,76.54,75.75,75.77,10895393
06/08/2015,76.01,76.01,75.25,75.74,9353287
07/08/2015,75.59,75.72,75.34,75.48,10045380
10/08/2015,75.95,76.5,75.8,76.38,9165893
11/08/2015,76.04,76.45,75.81,76.22,7491871
12/08/2015,75.89,76.43,75.34,76.39,10484495
13/08/2015,76.49,76.51,75.63,75.78,5948007
14/08/2015,75.74,75.81,75.38,75.62,5586878
17/08/2015,75.81,75.81,74.75,75.53,8683913
18/08/2015,75.58,75.8,75,75.13,7445886
19/08/2015,74.93,74.93,74.02,74.12,9864566
20/08/2015,73.75,74.725,73.46,73.91,10696535
21/08/2015,73.55,73.9,71.83,71.84,15763874
24/08/2015,68.57,71.07,65.02,69.14,23696285
25/08/2015,72.18,72.23,68.3,68.42,21476897
26/08/2015,69.9,71,68.95,70.9,17464681
27/08/2015,71.4,71.75,70.02,71.48,13433988
28/08/2015,71.17,71.27,70.59,71.21,10019999
31/08/2015,71,71,70.3,70.67,9520912
01/09/2015,69.37,69.88,68.52,68.9,15437707
02/09/2015,69.49,69.85,69.2238,69.81,8903666
03/09/2015,70.18,70.46,69.7,69.93,8468332
04/09/2015,69.28,69.28,68.5,68.76,11497510
08/09/2015,70.31,70.44,69.56,69.98,9182282
09/09/2015,70.44,70.54,68.37,68.48,11070555
10/09/2015,68.12,68.9465,67.75,68.32,12591110
11/09/2015,68.06,68.51,67.73,68.42,11291401
14/09/2015,68.23,68.3,67.33,68.06,9712806
15/09/2015,68.02,69.74,67.9,69.45,11043655
16/09/2015,70.12,70.36,69.7,70.1,8704237
17/09/2015,70,71.27,69.86,70.24,11029573
18/09/2015,69.44,70.78,69.37,69.94,18210249
21/09/2015,70.15,70.88,70.01,70.65,7742846
22/09/2015,70.06,70.6528,69.98,70.19,10207785
23/09/2015,70.18,70.49,69.96,70.26,6294153
24/09/2015,69.82,71.58,69.74,71.36,13423500
25/09/2015,72.39,73.38,71.95,72.67,15080707
28/09/2015,72.31,72.67,71.75,71.77,9207321
29/09/2015,71.77,72.41,71.35,72.28,9033283
30/09/2015,72.86,73.06,71.55,71.94,11041913
01/10/2015,71.76,72.18,71.395,71.95,8547591
02/10/2015,71.36,72.42,71.29,72.42,9085580
05/10/2015,72.97,73.43,72.5,73.22,9187673
06/10/2015,73.34,73.775,72.59,73.4,8851535
07/10/2015,73.72,73.87,73.323,73.72,8073977
08/10/2015,73.68,74.44,73.49,74.4,6856553
09/10/2015,74.59,74.91,74.32,74.48,6880132
12/10/2015,74.69,74.76,73.91,74.33,6255896
13/10/2015,74.24,74.28,73.66,74.11,8390248
14/10/2015,74.21,74.61,73.9,74.21,8479170
15/10/2015,74.64,74.84,74.03,74.27,8607447
16/10/2015,74.72,75.04,74.34,74.9,9578893
19/10/2015,74.65,75.19,74.53,75.16,7292177
20/10/2015,74.87,75.05,74.164,74.43,8531907
21/10/2015,73.75,74.54,73.5,73.59,8320783
22/10/2015,73.86,75.61,73.61,74.85,14080942
23/10/2015,76.76,78.45,76.31,77.03,16451170
26/10/2015,77,77.9,77,77.49,11464659
27/10/2015,77.12,77.36,76.805,77.29,9423405
28/10/2015,77.39,77.54,75.69,76.51,10178363
29/10/2015,76.75,77.19,76.24,77.02,8230732
30/10/2015,76.98,77.14,76.38,76.38,9547693
02/11/2015,76.57,76.77,76.05,76.6,7152929
03/11/2015,76.3,77.42,75.96,77.05,8013214
04/11/2015,77.03,77.14,76.509,77.06,6376267
05/11/2015,77.09,77.26,75.96,76.39,6860925
06/11/2015,75.88,76,74.695,75.57,9483466
09/11/2015,75.19,75.63,74.93,75.4,8607162
10/11/2015,75.38,76.24,75.23,75.77,6551032
11/11/2015,76.02,76.43,75.92,75.96,5295876
12/11/2015,75.67,76.01,74.66,74.66,7678611
13/11/2015,74.64,74.98,73.95,73.96,8468836
16/11/2015,74.25,75.325,74.01,75.3,7410647
17/11/2015,75.33,76.01,74.87,75.07,8761835
18/11/2015,74.98,75.96,74.81,75.9,6447106
19/11/2015,76.14,76.96,76.02,76.22,7899486
20/11/2015,76.55,76.86,75.68,75.82,9533187
23/11/2015,75.82,76.06,75.4,75.97,9421321
24/11/2015,75.62,76.69,75.61,76.45,7086758
25/11/2015,76.53,76.74,75.88,75.9,4266529
27/11/2015,75.89,76.37,75.5,75.7,2390080
30/11/2015,75.58,75.81,74.84,74.84,8935677
01/12/2015,74.87,76.22,74.87,75.94,8391666
02/12/2015,75.73,76.46,75.65,75.79,8104185
03/12/2015,75.83,76.2,75.17,75.74,11178640
04/12/2015,75.98,77.9,75.92,77.83,11960991
07/12/2015,77.54,78.5,77.54,78.37,9459974
08/12/2015,77.68,78.5,77.35,77.75,8312746
09/12/2015,77.6,78.99,77.44,77.7,10081941
10/12/2015,77.91,78.54,77.57,77.79,8984191
11/12/2015,77.51,78.33,77.11,77.78,12280492
14/12/2015,77.63,78.53,77.44,78.29,12178954
15/12/2015,78.71,80,78.48,79.68,14113427
16/12/2015,79.98,81.23,79.8,80.99,14102635
17/12/2015,80.98,81.03,80.2,80.29,9864248
18/12/2015,79.95,80.12,78.13,78.13,21342066
21/12/2015,78.63,78.98,78.15,78.95,9105763
22/12/2015,79.16,79.745,78.88,79.6,9872157
23/12/2015,79.95,80.43,79.5,79.92,8254573
24/12/2015,79.66,80.15,79.6,79.79,2498020
28/12/2015,79.74,79.9653,79.47,79.92,4149999
29/12/2015,80.22,80.61,79.85,80.36,4406098
30/12/2015,80.46,80.5,80,80.07,3793159
31/12/2015,79.91,80.04,79.31,79.41,5077736
04/01/2016,78.36,78.5,77.54,78.37,11529780
05/01/2016,78.44,78.96,78.21,78.62,8133650
06/01/2016,77.67,78.285,77.12,77.86,9551003
07/01/2016,76.85,77.6,76.07,77.18,11973854
08/01/2016,77.36,77.48,75.671,75.97,9676382
11/01/2016,76.17,77.04,75.6,76.67,10209239
12/01/2016,77,77.02,75.75,76.51,8774696
13/01/2016,76.97,76.99,75.79,75.85,9310123
14/01/2016,76.1,76.9495,75.88,76.15,12835116
15/01/2016,74.5,75.68,74.47,74.98,17023856
19/01/2016,75.8,76.91,75.72,76.73,13457281
20/01/2016,75.29,76.09,74.46,75.83,17795006
21/01/2016,76.02,77.18,75.41,76.72,12712854
22/01/2016,77.4,77.97,76.55,77.36,9465794
25/01/2016,77.2,77.36,76.5571,76.85,9870407
26/01/2016,78,79.58,77.54,78.81,16374750
27/01/2016,78.53,79.85,78.15,78.8,10816070
28/01/2016,79.4,80,78.61,79.82,9895146
29/01/2016,79.98,82,79.83,81.69,19894992
01/02/2016,81.21,81.4,80.53,81.12,9657184
02/02/2016,80.09,80.54,79.81,80.22,9116414
03/02/2016,80.48,81.24,80.02,81.1,10149588
04/02/2016,80.85,81.1,80.33,80.7,8295082
05/02/2016,80.58,81.2,80.57,81.2,9957618
08/02/2016,80.29,82.72,80.29,82.62,16530181
09/02/2016,81.83,83,81.021,82.64,14308930
10/02/2016,82.91,83,81.46,81.62,10585437
11/02/2016,80.39,80.99,79.63,79.9,12343863
12/02/2016,80.36,81.02,79.79,80.99,9306055
16/02/2016,81.99,81.99,80.84,81.47,9352604
17/02/2016,81.65,82.83,81.51,82.45,10892940
18/02/2016,82.23,82.32,81.21,81.98,7702583
19/02/2016,81.96,82.26,81.4,81.79,7709648
22/02/2016,82.07,82.67,81.71,82.13,6916454
23/02/2016,82,82.46,81.615,81.81,5840568
24/02/2016,81.26,81.64,80.66,81.56,6759818
25/02/2016,81.7,82.34,81.47,82.34,6789653
26/02/2016,82.52,82.65,80.95,81.1,9281110
29/02/2016,81.1,81.35,80.21,80.29,11065303
01/03/2016,80.54,81.365,80.53,81.23,9483939
02/03/2016,81.58,82.66,80.85,82.55,12096642
03/03/2016,82.54,82.93,82.18,82.84,8747057
04/03/2016,82.62,83.74,82.26,83.49,9406722
07/03/2016,83.18,83.7,83,83.1,6792402
08/03/2016,82.97,83.75,82.67,83.06,7788361
09/03/2016,83.3,83.69,82.68,82.96,8954849
10/03/2016,83.13,83.23,81.75,82.28,10385568
11/03/2016,82.75,82.8,81.44,81.75,11109536
14/03/2016,81.57,81.852,80.68,81.17,12389311
15/03/2016,81,81.46,80.76,81.31,9297842
16/03/2016,81.31,81.8,80.48,81.34,9490276
17/03/2016,81.29,83.225,81.28,82.75,12061490
18/03/2016,82.86,83.5,82.44,83.15,33635172
21/03/2016,83.12,83.87,82.91,83.32,8625579
22/03/2016,83.28,83.32,82.485,82.74,7205943
23/03/2016,82.72,83.49,82.58,82.82,5594556
24/03/2016,82.46,83.1199,82.43,82.89,6645743
28/03/2016,82.99,83.45,82.52,82.62,4988467
29/03/2016,82.66,83.0901,82.16,82.8,6731392
30/03/2016,83.09,83.36,82.65,82.68,6925360
31/03/2016,82.75,83,82.1533,82.31,6819225
01/04/2016,82,83.62,81.93,83.53,8028606
04/04/2016,83.65,83.65,83.03,83.21,5593417
05/04/2016,83.16,83.56,82.985,83.16,5259066
06/04/2016,83.14,83.84,83.08,83.81,6292095
07/04/2016,83.24,83.68,82.87,83.24,6655914
08/04/2016,83.44,83.45,82.77,83.2,5452988
11/04/2016,83.03,83.34,82.66,82.73,7081525
12/04/2016,82.71,83.21,82.45,82.83,7081592
13/04/2016,83.05,83.43,81.84,82.46,11738639
14/04/2016,81.95,82.365,81.54,82.01,6904390
15/04/2016,82.05,82.43,81.854,82.3,7299299
18/04/2016,82.29,82.99,82.02,82.83,5628014
19/04/2016,82.91,83.7,82.85,83.28,6606143
20/04/2016,83.29,83.34,81.48,81.55,9124197
21/04/2016,81.04,81.31,80.55,80.8,8802123
22/04/2016,80.4,80.95,79.91,80.95,8027651
25/04/2016,80.92,81.48,80.42,81.41,7672811
26/04/2016,81.5,81.5,79.21,79.55,13742264
27/04/2016,79.47,80.15,79.1,79.89,7689688
28/04/2016,79.48,80.265,79.39,79.76,7615948
29/04/2016,79.67,80.15,79.37,80.12,9390964
02/05/2016,80.02,81.3,80.02,80.97,7862625
03/05/2016,80.8,81.7,80.69,81.1,7617524
04/05/2016,80.87,81.77,80.87,81.6,7365945
05/05/2016,81.6,82.09,80.92,81.3,6399874
06/05/2016,81.42,82.25,81.17,82.13,6297747
09/05/2016,82.21,82.73,81.965,82.12,6718753
10/05/2016,82.15,82.6799,82.12,82.48,6223170
11/05/2016,82.5,82.885,82.13,82.15,5974962
12/05/2016,82.48,82.74,82.11,82.41,4925007
13/05/2016,82.42,82.42,81,81.23,6578964
16/05/2016,81.01,81.89,80.75,81.63,6497236
17/05/2016,81.64,82.06,80.325,80.62,10188233
18/05/2016,80.59,80.77,79.413,79.85,8344069
19/05/2016,79.64,80.225,79.45,80.19,6242522
20/05/2016,80.44,80.5,79.7901,80.02,6526805
23/05/2016,80.05,80.33,79.85,80.2,5620561
24/05/2016,80.3,81.38,80.3,80.97,6293252
25/05/2016,81.08,81.7801,81.01,81.48,6050617
26/05/2016,81.48,81.6,81.09,81.22,4622328
27/05/2016,81.27,81.66,81.16,81.43,4322195
31/05/2016,81.58,81.82,80.74,81.04,6705032
01/06/2016,80.95,81.8,80.86,81.79,6184108
02/06/2016,81.53,81.95,81.3299,81.95,5186323
03/06/2016,81.93,82.49,81.78,82.47,6306719
06/06/2016,82.4,82.83,82.2347,82.77,5292348
07/06/2016,82.76,82.89,82.25,82.32,6327475
08/06/2016,82.37,82.75,82.02,82.65,4712567
09/06/2016,82.58,83.26,82.43,83.17,6144895
10/06/2016,82.77,83.34,82.61,83.2,6840768
13/06/2016,82.96,83.4,82.53,82.57,6167444
14/06/2016,82.55,83.37,82.27,83.35,6868619
15/06/2016,83.4,83.5,82.819,82.95,7082203
16/06/2016,82.67,83.609,82.66,83.41,6630088
17/06/2016,83.31,83.44,82.35,83.13,11741742
20/06/2016,83.52,83.7,83.03,83.04,6164326
21/06/2016,83.09,83.78,83.09,83.41,6594737
22/06/2016,83.5,83.76,83.29,83.57,4940053
23/06/2016,83.81,84.21,83.57,84.21,7361265
24/06/2016,82.61,83.82,81.99,82.26,12401053
27/06/2016,81.83,81.89,81,81.23,9619036
28/06/2016,81.44,82.49,80.95,82.46,9257100
29/06/2016,82.96,83.91,82.91,83.91,7927516
30/06/2016,83.91,84.8,83.82,84.67,10969296
01/07/2016,84.52,84.99,84.51,84.78,9531106
05/07/2016,84.48,85.95,84.45,85.44,11403103
06/07/2016,85.37,85.5,84.74,85.03,8356546
07/07/2016,85.23,85.24,84.525,84.83,7905843
08/07/2016,84.98,85.9,84.77,85.77,6827349
11/07/2016,85.61,85.95,84.91,85.75,6156824
12/07/2016,85.49,85.94,85.19,85.75,6649847
13/07/2016,85.81,86.15,85.41,85.89,7572148
14/07/2016,86.44,86.89,85.85,85.87,11342573
15/07/2016,86.25,86.48,85.79,86.01,8491347
18/07/2016,86.02,86.05,85.7,85.93,4781778
19/07/2016,85.67,86.18,85.56,86.17,6078231
20/07/2016,85.38,85.73,85.13,85.32,6289008
21/07/2016,85.02,85.37,84.88,85.26,5471194
22/07/2016,85.5,85.98,85.45,85.72,6165618
25/07/2016,85.53,85.8,85.15,85.8,5605314
26/07/2016,85.68,86.08,85.17,85.27,5379332
27/07/2016,85.24,85.3,84.32,84.46,7744663
28/07/2016,84.42,84.9795,84.402,84.81,5911575
29/07/2016,84.89,85.79,84.8,85.59,7520867
01/08/2016,85.44,86.58,85.42,86.41,10420628
02/08/2016,87.02,87.15,86.24,86.76,13083211
03/08/2016,86.51,86.72,85.46,85.97,8192124
04/08/2016,86.12,86.53,85.8,86.05,5564060
05/08/2016,86.08,86.44,85.53,85.78,6729690
08/08/2016,85.61,85.9,85.13,85.76,5388194
09/08/2016,85.86,86.341,85.68,85.99,4158784
10/08/2016,86.26,86.82,86,86.31,5981436
11/08/2016,86.7,87,86.4,86.73,7387106
12/08/2016,86.92,87.45,86.775,87.04,8063375
15/08/2016,87.52,87.57,86.99,87.02,6871164
16/08/2016,86.98,87.4,86.47,86.58,8071056
17/08/2016,86.45,87.11,85.97,86.96,6762059
18/08/2016,86.94,87.46,86.94,87.44,7082804
19/08/2016,87.2,87.41,87.05,87.31,6199917
22/08/2016,87.14,87.21,86.5801,86.85,5921119
23/08/2016,87.13,87.5,87.035,87.4,5420109
24/08/2016,87.32,87.45,86.56,87.31,5713285
25/08/2016,87.3,87.94,87.04,87.9,10595473
26/08/2016,87.87,88.5,87.166,87.58,16408187
29/08/2016,87.39,88.4,87.32,88.3,8934474
30/08/2016,87.72,88.3,87.46,87.54,11619392
31/08/2016,87.75,87.85,87.025,87.31,11407806
01/09/2016,87.36,88.31,86.98,88.31,29793308
02/09/2016,88.48,88.87,88.04,88.2,17470433
06/09/2016,88.25,88.64,87.88,88.64,14472067
07/09/2016,88.31,88.41,87.71,87.95,17556418
08/09/2016,87.95,88.18,87.63,87.78,23465734
09/09/2016,87.1,87.17,86.24,86.24,21954951
12/09/2016,86.04,88.38,85.96,88.25,16105710
13/09/2016,87.55,87.91,87.01,87.05,19682706
14/09/2016,87.12,87.6,86.87,87.01,25397922
15/09/2016,86.75,88.27,86.75,88.06,13891454
16/09/2016,87.619,88.11,87.3,88.05,23518263
19/09/2016,87.92,88.95,87.25,88.37,19173907
20/09/2016,88.5,88.9488,88.18,88.58,33986484
21/09/2016,88.54,88.79,86.44,87.8,55409813
22/09/2016,87.77,89.3,87.77,88.99,52692665
23/09/2016,88.63,88.935,87.49,87.76,48281375
26/09/2016,87.42,88.43,86.61,87.85,60276563
27/09/2016,88.06,88.81,87.66,88.36,65150794
28/09/2016,88.98,89.725,88.47,89.46,89805967
29/09/2016,89.16,89.27,87.54,88.23,74587460
30/09/2016,88.3,90.22,88.29,89.75,123735748
03/10/2016,89.35,89.45,88.41,88.66,26789542
04/10/2016,88.29,88.68,87.95,88.35,23317644
05/10/2016,88.48,89,88.21,88.85,64580261
06/10/2016,88.83,89.73,88.47,89.22,61462771
07/10/2016,89.01,90.05,88.3,90,20518765
10/10/2016,90.19,90.33,88.78,89.06,15492383
11/10/2016,88.83,89.12,88.2,88.54,11723100
12/10/2016,88.74,89.01,88.33,88.57,17118011
13/10/2016,88.05,88.57,87.6,88.24,11158075
14/10/2016,88.5,88.96,88.22,88.43,7368968
17/10/2016,88.43,88.65,87.71,87.83,7610568
18/10/2016,88.21,88.27,87.435,87.45,10749527
19/10/2016,86.65,86.82,85.44,85.54,12788794
20/10/2016,85.38,85.52,84.7875,84.93,10175116
21/10/2016,84.41,84.86,84.24,84.33,13974139
24/10/2016,84.39,84.7,84.06,84.1,10573198
25/10/2016,87.49,88.08,86.97,86.97,20761155
26/10/2016,86.91,87.74,86.78,87.4,8464058
27/10/2016,87.51,87.6,86.45,86.58,6598279
28/10/2016,86.87,87.23,86.45,86.84,7021059
31/10/2016,87.01,87.47,86.69,86.8,8207137
01/11/2016,86.58,86.99,86.48,86.85,8564471
02/11/2016,86.77,87.41,86.56,86.74,7773237
03/11/2016,86.8,86.98,86.47,86.6,6899931
04/11/2016,86.69,86.73,85.07,85.08,9378118
07/11/2016,86.02,86.57,85.6,86.56,8878455
08/11/2016,86.77,87.69,86.59,87.46,7674604
09/11/2016,85.26,86.5422,84.31,85.93,11972512
10/11/2016,85.51,85.7,82.18,82.96,22095710
11/11/2016,82.67,84.055,82.65,83.58,8905669
14/11/2016,83.56,83.78,82.76,83,12862496
15/11/2016,84.58,84.58,82.88,83.62,9464037
16/11/2016,83.98,84.2,83.17,83.19,8542909
17/11/2016,83.27,83.5,82.93,83.07,9083724
18/11/2016,82.92,83.1,81.99,82,14565456
21/11/2016,82.1,82.75,81.71,82.64,11482061
22/11/2016,83.01,83.1817,82.66,82.76,7426508
23/11/2016,82.59,82.93,82.52,82.68,10763830
25/11/2016,82.99,83.46,82.95,83.46,3883098
28/11/2016,83.13,83.36,82.755,83.07,6990064
29/11/2016,83.42,83.48,82.69,82.89,6183113
30/11/2016,82.52,82.83,82.26,82.46,12115474
01/12/2016,82.21,82.32,81.18,81.86,12516920
02/12/2016,82.35,82.68,82.07,82.4,9079412
05/12/2016,82.559,83.08,82.48,82.99,8597543
06/12/2016,83.24,83.25,82.61,82.91,7327194
07/12/2016,82.74,84.28,82.711,84.18,8567706
08/12/2016,83.79,84.18,83.5,83.5,7522799
09/12/2016,83.519,84.4,83.47,84.37,8004453
12/12/2016,84.21,85.1844,84.21,85.13,7493615
13/12/2016,84.67,85.36,84.53,85.18,11795940
14/12/2016,85.29,85.74,84.17,84.37,12292170
15/12/2016,84.15,84.8,83.61,84.68,8768128
16/12/2016,84.9,85.12,84.15,84.68,21172420
19/12/2016,84.75,84.975,84.32,84.71,6431223
20/12/2016,84.57,84.71,84.19,84.57,7485433
21/12/2016,84.19,84.725,84.12,84.28,6099334
22/12/2016,84,84.61,83.87,84.47,7864796
23/12/2016,84.68,85.18,84.55,84.96,5284195
27/12/2016,84.8984,84.94,84.42,84.6,3782582
28/12/2016,84.4,84.63,83.945,84.07,4298812
29/12/2016,84.24,84.49,84.1,84.35,3718306
30/12/2016,84.17,84.45,83.92,84.08,6209848
03/01/2017,83.88,84.39,83.5,84.2,8792706
04/01/2017,84.45,84.6016,84.2354,84.5,8096650
05/01/2017,84.41,85.4274,84.38,85.06,6852435
06/01/2017,84.941,85.25,84.62,85.03,4799945
09/01/2017,84.06,84.66,83.75,84.4,11000579
10/01/2017,84.34,84.43,83.24,83.49,10918153
11/01/2017,83.39,83.75,83.275,83.75,9572286
12/01/2017,83.71,83.88,83.3701,83.84,6545444
13/01/2017,83.85,84.02,83.44,84.01,6762797
17/01/2017,83.9,85.58,83.88,85.21,13145073
18/01/2017,84.8,85.3,84.59,84.93,10521181
19/01/2017,84.63,85,84.28,84.7,14074464
20/01/2017,86.89,87.975,86.42,87.45,22944405
23/01/2017,87.09,87.35,86.85,86.96,9408904
24/01/2017,87.22,87.95,87.22,87.86,8704722
25/01/2017,87.84,87.9,87.06,87.16,8082874
26/01/2017,87.12,87.23,86.59,86.6,6542285
27/01/2017,86.45,86.85,86.02,86.72,9332303
30/01/2017,86.78,86.86,86.5,86.75,7350036
31/01/2017,86.63,87.66,86.53,87.6,9712432
01/02/2017,87.03,87.59,86.75,87.33,8291514
02/02/2017,87.61,88.35,87.25,87.76,8997158
03/02/2017,88.12,88.17,87.39,87.41,7161948
06/02/2017,87.5,87.785,87.13,87.4,7482993
07/02/2017,87.64,88.28,87.475,88.01,6646055
08/02/2017,88.07,88.34,87.81,88.33,6815753
09/02/2017,88.25,88.78,88.03,88.67,9914070
10/02/2017,88.56,88.73,87.965,87.97,11057552
13/02/2017,88.04,88.355,87.64,88.31,6905130
14/02/2017,88,88.22,87.23,87.86,20123406
15/02/2017,89.81,91.15,89.81,91.12,25847697
16/02/2017,90.92,91.12,90.54,90.79,12408473
17/02/2017,90.61,91.36,90.45,91.09,12152428
21/02/2017,90.58,91.8,90.58,91.67,9018703
22/02/2017,91.45,91.8,91.25,91.44,6749919
23/02/2017,91.61,91.8,90.91,91.13,7611638
24/02/2017,90.97,91.34,90.67,91.05,6643365
27/02/2017,90.53,90.91,90.06,90.89,11840268
28/02/2017,90.9,91.79,90.65,91.07,10535619
01/03/2017,91.05,91.89,90.71,91.66,8792150
02/03/2017,91.4,91.585,90.88,90.91,7031221
03/03/2017,90.8,90.82,89.8948,90.5,8341071
06/03/2017,89.89,90.51,89.59,90.37,9533795
07/03/2017,90.14,90.49,90.06,90.29,5362951
08/03/2017,90.02,90.35,89.76,90.14,5513405
09/03/2017,90.14,90.49,90.095,90.34,5587379
10/03/2017,90.8,91.16,90.65,91.07,6797792
13/03/2017,91.06,91.49,90.85,91.31,7397472
14/03/2017,91.26,91.59,90.82,91,6686388
15/03/2017,91,91.78,90.73,91.4,7855256
16/03/2017,91.44,91.7199,91.1,91.44,6601208
17/03/2017,91.45,92,90.92,91,37010081
20/03/2017,90.96,91.41,90.94,91.22,7772903
21/03/2017,91.3,91.75,91.03,91.19,8210951
22/03/2017,91.31,91.8,90.75,90.99,7798024
23/03/2017,90.91,91.46,90.6,90.77,6831401
24/03/2017,90.77,90.915,90.21,90.57,9251999
27/03/2017,90.45,90.715,90.18,90.49,10071996
28/03/2017,90.17,91.0599,90.13,90.76,11855807
29/03/2017,90.56,90.87,90.39,90.6,4252782
30/03/2017,90.5,90.568,90.1,90.2,3691926
31/03/2017,90.03,90.34,89.84,89.85,6942356
03/04/2017,89.86,90.06,89.45,89.68,6967439
04/04/2017,89.75,89.96,89.42,89.91,5680764
05/04/2017,90,90.5,89.76,89.97,6320139
06/04/2017,89.77,89.81,89.31,89.4,7231506
07/04/2017,89.46,89.61,89.18,89.23,4739040
10/04/2017,89.13,89.679,88.75,89.49,5955986
11/04/2017,89.66,89.82,89.29,89.8,5185977
12/04/2017,89.7,90.421,89.56,90.31,6286312
13/04/2017,90.05,90.54,89.79,90.03,5040104
17/04/2017,90.23,90.59,90.13,90.39,6931678
18/04/2017,90.4,91.13,90.34,90.8,7087796
19/04/2017,90.1,90.45,89.5,89.6,6918993
20/04/2017,89.7,89.7,89.31,89.33,6983536
21/04/2017,89.17,89.28,88.61,88.62,9061218
24/04/2017,89.12,89.655,89.01,89.55,8338467
25/04/2017,89.58,90.25,89.47,90,9088390
26/04/2017,89.85,90,87.61,87.74,11951322
27/04/2017,87.58,88.24,87.23,87.69,8517522
28/04/2017,87.52,87.59,87.15,87.33,8295445
01/05/2017,87.38,87.5967,87.08,87.09,4546624
02/05/2017,87.29,87.29,86.02,86.22,13197492
03/05/2017,86.3,86.63,85.9,86.43,6121974
04/05/2017,86.85,87.24,86.3,86.45,5986188
05/05/2017,86.54,86.61,86.1335,86.5,4506197
08/05/2017,86.33,86.62,86.24,86.55,4634623
09/05/2017,86.8,86.82,86.22,86.4,9577623
10/05/2017,86.48,86.79,86.385,86.49,6178549
11/05/2017,86.61,86.63,85.88,86.17,6064727
12/05/2017,86.24,86.32,85.915,86.19,5892430
15/05/2017,86.65,86.71,86.245,86.33,5820742
16/05/2017,86.88,87,86.19,86.24,6554454
17/05/2017,86.22,86.63,85.93,86.26,7805770
18/05/2017,86.18,86.22,85.52,85.87,6985567
19/05/2017,86,86.38,85.67,86.24,7320725
22/05/2017,86.25,86.4,86.03,86.21,4259955
23/05/2017,86.28,86.54,85.98,86.08,4394225
24/05/2017,86.45,86.65,86.21,86.5,4902470
25/05/2017,86.58,86.98,86.55,86.86,4367960
26/05/2017,86.93,87.38,86.816,87.25,4337023
30/05/2017,87.25,87.61,87.095,87.4,4594514
31/05/2017,87.67,88.35,87.45,88.09,10146610
01/06/2017,88.02,88.14,87.37,88.13,6251292
02/06/2017,88.4,88.675,88.005,88.59,6136425
05/06/2017,88.3,88.76,88,88.74,4115288
06/06/2017,88.76,88.97,88.45,88.8,6503039
07/06/2017,88.68,88.8931,88.4,88.77,4781587
08/06/2017,88.58,88.8,87.36,87.85,7712062
09/06/2017,87.85,88.21,87.55,88.16,9696915
12/06/2017,88.28,88.66,88.09,88.24,7867734
13/06/2017,88.36,88.4,87.77,88.06,6419319
14/06/2017,88.49,88.75,88.06,88.44,6183875
15/06/2017,88.231,89.62,88.23,89.38,7047471
16/06/2017,89.72,89.77,88.81,89.66,13855018
19/06/2017,89.6,89.86,89.2046,89.86,5246246
20/06/2017,89.77,90.21,89.61,89.63,5674212
21/06/2017,89.62,89.9499,89.29,89.4,4164473
22/06/2017,89.271,89.41,88.9,89.03,4536714
23/06/2017,89.03,89.8,88.9,89.42,8782097
26/06/2017,89.63,89.68,89.27,89.36,4373314
27/06/2017,89.18,89.3,88.61,88.61,5180391
28/06/2017,89.08,89.21,88.26,88.37,4874990
29/06/2017,88.02,88.22,86.93,86.99,8123516
30/06/2017,87.05,87.47,87,87.15,6070254
03/07/2017,87.4,88,87.18,87.74,3607447
05/07/2017,87.86,88,87.49,87.67,4974329
06/07/2017,87.65,87.95,87.36,87.37,6038851
07/07/2017,87.69,87.82,87.28,87.65,5142197
10/07/2017,87.63,87.87,86.89,87.09,5356392
11/07/2017,87.23,87.45,86.305,86.77,5838563
12/07/2017,87.24,87.465,86.83,86.96,4374171
13/07/2017,86.77,87.05,86.5,86.7,5448911
14/07/2017,86.96,87.285,86.73,87.1,4577701
17/07/2017,87.07,87.905,86.74,87.55,5227821
18/07/2017,87.61,88.76,87.46,88.64,7492306
19/07/2017,87.87,88.41,87.595,88.35,6008454
20/07/2017,88.32,89.31,88.31,88.6,7285004
21/07/2017,88.16,88.68,87.81,88.61,5714842
24/07/2017,88.55,88.6,87.97,88.18,6202019
25/07/2017,88.67,89.2,88.54,89.14,6766682
26/07/2017,89,89.42,88.87,89.3,6986999
27/07/2017,90.29,90.75,89,90.68,11089181
28/07/2017,90.56,91,89.96,90.21,6137534
31/07/2017,90.21,91.07,90.21,90.82,7835661
01/08/2017,91.03,91.73,90.72,91.1,8662108
02/08/2017,90.97,91.295,90.53,91.04,7167732
03/08/2017,90.86,91.75,90.82,90.86,6413176
04/08/2017,90.69,91.08,90.53,90.67,5824439
07/08/2017,90.67,91.56,90.52,91.44,5011336
08/08/2017,91.4,91.94,91.23,91.58,5623352
09/08/2017,91.52,91.94,91.52,91.92,5572843
10/08/2017,91.86,92,91.69,91.74,6338248
11/08/2017,91.94,92.08,91.29,91.34,7094246
14/08/2017,91.54,91.95,91.25,91.65,5398412
15/08/2017,91.91,92.36,91.88,92.2,5293433
16/08/2017,92.29,92.95,92.19,92.44,7965478
17/08/2017,92.4,92.67,92.07,92.07,5711411
18/08/2017,91.98,92.78,91.85,92.47,6815008
21/08/2017,92.38,92.96,92.36,92.86,4334337
22/08/2017,92.91,92.96,92.59,92.79,4731497
23/08/2017,92.5,92.6644,92.28,92.44,3631851
24/08/2017,92.44,92.57,92.04,92.27,5173720
25/08/2017,92.65,92.86,92.41,92.51,4932978
28/08/2017,92.52,92.7056,91.975,92.47,5386538
29/08/2017,92.48,92.69,92.24,92.32,3676277
30/08/2017,92.08,92.08,91.66,91.87,4709627
31/08/2017,91.89,92.39,91.84,92.27,5864440
01/09/2017,92.42,92.66,92.26,92.53,4960653
05/09/2017,92.18,92.74,92.04,92.72,6532090
06/09/2017,92.79,92.91,92.36,92.72,6747154
07/09/2017,92.74,93.36,92.33,92.97,7735387
08/09/2017,92.76,93.15,92.51,92.84,6070073
11/09/2017,93.09,94.19,92.9,93.99,10177267
12/09/2017,93.72,93.98,93.21,93.51,5804047
13/09/2017,93.5,93.77,93.45,93.55,5369293
14/09/2017,93.23,93.65,93.18,93.55,5492335
15/09/2017,93.82,93.82,92.82,93.27,12428828
18/09/2017,93.17,93.5,92.86,93.15,6177688
19/09/2017,93.34,94.45,93.34,94.17,6587152
20/09/2017,94.17,94.67,93.83,94.4,5941516
21/09/2017,94.15,94.5,92.445,92.64,9376655
22/09/2017,92.55,93,92.08,92.24,6837699
25/09/2017,92.43,93.09,92.33,92.72,6436162
26/09/2017,92.82,92.845,92.2,92.65,4885203
27/09/2017,92.52,92.52,90.34,90.87,9631240
28/09/2017,90.86,91.118,90.63,90.89,4999771
29/09/2017,90.97,91.43,90.7,90.98,6634464
02/10/2017,91.26,92.4,91.24,91.77,7302440
03/10/2017,91.96,92.34,91.56,92.12,5909908
04/10/2017,92.12,92.795,92.02,92.42,6140711
05/10/2017,92.49,92.65,91.94,92.03,6912759
06/10/2017,92,92.35,91.88,92.33,5241920
09/10/2017,92.4,92.62,91.93,92.12,5148962
10/10/2017,92.37,93.04,89.86,91.62,17125589
11/10/2017,91.09,91.73,91.07,91.46,7115398
12/10/2017,91.41,92.305,91.39,92.15,5984905
13/10/2017,92.7,93.51,92.59,93.04,6956656
16/10/2017,92.97,93.37,92.71,93.14,4159101
17/10/2017,93.04,93.09,92.4,92.8,5316062
18/10/2017,92.78,92.95,92.01,92.77,7399662
19/10/2017,91.7,91.99,91.14,91.59,8584972
20/10/2017,89.72,89.96,87.59,88.25,19997800
23/10/2017,88.63,88.86,86.87,87.3,13358194
24/10/2017,87.37,87.42,86.78,86.98,11519038
25/10/2017,86.9,87.11,86.28,86.84,7183452
26/10/2017,87.19,87.77,87.1,87.5,6233848
27/10/2017,87.53,87.53,86.45,87.04,7433806
30/10/2017,86.91,87.08,86.16,86.27,5387086
31/10/2017,86.49,86.5,85.72,86.34,7118956
01/11/2017,86.33,87.14,86.11,86.89,4884052
02/11/2017,86.78,87.04,86.23,86.51,5021175
03/11/2017,86.78,87.16,86.46,86.58,5106470
06/11/2017,86.55,86.64,86.03,86.05,5186719
07/11/2017,86.04,87,85.42,86.98,6875128
08/11/2017,86.99,87.6,86.8,87.58,6909955
09/11/2017,87.35,88.1698,87.3,87.78,5266358
10/11/2017,87.99,88.39,87.78,88.16,7227298
13/11/2017,88.67,89.41,88.63,89,6873475
14/11/2017,88.74,89.045,88.47,88.87,5035525
15/11/2017,88.73,88.94,88,88.23,6688123
16/11/2017,89.84,89.9,88.771,89.25,7205106
17/11/2017,88.95,89.09,88.08,88.43,5941753
20/11/2017,88.43,88.555,87.71,88.27,4926181
21/11/2017,88.18,89.21,88.02,88.72,6196431
22/11/2017,88.5,88.91,88.06,88.33,6006917
24/11/2017,88.59,88.96,88.42,88.45,2196665
27/11/2017,88.33,89.095,88.15,88.96,6199673
28/11/2017,89.48,89.52,88.91,89.4,4841259
29/11/2017,89.4,89.81,89.03,89.38,5158905
30/11/2017,89.35,90.37,89.21,89.99,9789941
01/12/2017,90.18,90.53,89.12,90.36,7953239
04/12/2017,90.17,91.91,89.83,91.41,9003702
05/12/2017,91.52,91.84,91.07,91.4,8683018
06/12/2017,91.5,91.78,91.07,91.25,6737358
07/12/2017,91.05,91.065,89.89,90.1,7274135
08/12/2017,90.02,90.37,89.58,90.37,5883357
11/12/2017,90.23,90.33,89.7499,90.23,4855962
12/12/2017,90.45,90.51,89.82,89.85,6558871
13/12/2017,90.02,91.41,89.965,90.88,7141017
14/12/2017,90.97,91.43,90.9,91,5853524
15/12/2017,91.6,92.27,91.48,91.89,15924045
18/12/2017,91.89,93.14,91.81,91.88,7405735
19/12/2017,91.96,92.1306,91.58,91.68,5644362
20/12/2017,91.87,91.97,91.35,91.53,6938546
21/12/2017,91.86,92.08,91.53,91.67,4860406
22/12/2017,91.77,92.4318,91.72,92.13,4919406
26/12/2017,92.35,92.77,92.15,92.48,3431941
27/12/2017,92.49,92.75,91.93,92.1,4276664
28/12/2017,92.3,92.54,91.91,92.07,3005356
29/12/2017,92.24,92.46,91.88,91.88,4346675
02/01/2018,91.92,91.93,90.55,90.65,7558858
03/01/2018,90.73,91.09,90.515,90.54,5863605
04/01/2018,90.83,91.77,90.61,91.18,6322500
05/01/2018,91.27,91.3,90.57,91.24,5949697
08/01/2018,90.93,91.77,90.93,91.72,4860680
09/01/2018,91.47,91.65,91.01,91.05,6630066
10/01/2018,90.91,90.91,90.0112,90.47,6564736
11/01/2018,90.4,90.52,89.92,90.15,5469665
12/01/2018,90.05,90.34,89.35,89.61,8111047
16/01/2018,90.14,90.77,89.6399,90.22,9465330
17/01/2018,90.56,91.73,90.43,91.2,8345528
18/01/2018,90.24,90.65,89.67,90.18,7699760
19/01/2018,90.28,91.26,90.24,91.07,9364027
22/01/2018,90.88,91.92,90.77,91.89,8657987
23/01/2018,89.82,90.21,88.6,89.05,18756274
24/01/2018,89.06,89.16,87.7,88.31,15141949
25/01/2018,88.68,89.05,88.0114,88.34,11264371
26/01/2018,88.17,88.17,87.23,87.73,11503083
29/01/2018,87.69,87.74,86.69,86.86,11685762
30/01/2018,86.82,87.44,86.63,86.95,9662856
31/01/2018,86.81,87.41,86.075,86.34,11798093
01/02/2018,86.15,86.5,85.56,85.85,8606301
02/02/2018,85.56,85.61,84.21,84.25,12846332
05/02/2018,83.99,84.37,80.1,81.06,17462165
06/02/2018,80.53,82.45,80.12,82.38,19955546
07/02/2018,82.3,83.39,81.82,81.84,11851841
